origin_country_code,origin_country,2024_tonnes,2025_tonnes,2026_ytd_tonnes,2024_value,2025_value,2026_ytd_value,total_tonnes,total_value,number_of_commodity_codes,number_of_active_months,first_seen,last_seen,main_product_group,main_dispatch_country,main_transport_mode,2025_equivalent_ytd_tonnes,2025_equivalent_ytd_value,2026_ytd_vs_2025_ytd_tonnes_pct,2026_ytd_vs_2025_ytd_value_pct,share_of_uk_steel_import_tonnes,share_of_uk_steel_import_value
IN,India,730456.575,1033071.093,518731.692,418805322,464455356,227992632,2282259.36,1111253310,200,29,202401,202605,Alloy steel ingots and semi-finished,India,Sea,433864.006,205495374,0.19560895770643852,0.10947817248674416,0.1375644264390944,0.08528925831650895
NL,Netherlands,589837.702,706858.03,238550.858,410974130,418781981,149680111,1535246.5899999999,979436222,228,29,202401,202605,Hot-rolled flat products,Netherlands,Sea,385244.446,220732159,-0.3807805395330735,-0.32189259744430804,0.09253782470889964,0.07517222958166361
DE,Germany,639855.7520000001,501019.806,180553.658,570613471,457666805,180120623,1321429.216,1208400899,299,29,202401,202605,Semi-finished steel,Germany,Sea,249845.256,214168575,-0.27733805760154195,-0.15897734763375065,0.07964986599020989,0.09274538532057344
FR,France,391368.65499999997,642045.3759999999,236439.631,388559979,509812213,196281158,1269853.662,1094653350,250,29,202401,202605,Other alloy flat products,France,Sea,280685.97,221239736,-0.15763644688047637,-0.11281236567738447,0.07654112137132987,0.08401520292000919
KR,South Korea,331014.12,672573.711,220522.223,258782683,396550110,128350093,1224110.054,783682886,117,29,202401,202605,Coated or plated flat products,South Korea,Sea,351698.967,212794971,-0.3729801799503153,-0.3968368124639562,0.07378390047520228,0.06014806120332837
ES,Spain,536513.628,429107.942,167087.44400000002,447230531,360065557,143946461,1132709.014,951242549,240,29,202401,202605,Angles shapes and sections,Spain,Sea,204575.014,167599677,-0.18324608302360904,-0.14112924573237692,0.06827465298830108,0.07300835079925694
TR,Turkey,361062.703,427579.641,297124.021,224526108,254788524,167098695,1085766.365,646413327,190,29,202401,202605,Other bars and rods,Turkey,Sea,137768.918,88117188,1.1566839989263762,0.8963235072821434,0.06544515924258731,0.04961255253830198
BE,Belgium,384208.694,366045.74199999997,150392.225,377538923,336179617,148366233,900646.6610000001,862084773,171,29,202401,202605,Coated or plated flat products,Belgium,Sea,167979.169,148917155,-0.10469717230235845,-0.0036995200452224594,0.054286968219401016,0.06616544601799744
,Unknown / not supplied,326315.733,324249.895,136320.862,172246198,167128477,68091235,786886.49,407465910,221,29,202401,202605,Ferrous waste and scrap,Ireland,Unknown,149561.64,78768171,-0.08853057508596468,-0.13554886275066613,0.047430011928846764,0.03127321641288194
VN,Vietnam,269333.006,175553.525,37023.005000000005,174204377,97593540,20503286,481909.53599999996,292301203,66,29,202401,202605,Coated or plated flat products,Vietnam,Sea,94985.94800000002,58901190,-0.6102265042403957,-0.6519037051713217,0.029047359856318043,0.022434266413022718
CN,China,191408.021,155366.97,111917.613,222022961,197896057,107220107,458692.60399999993,527139125,275,29,202401,202605,Semi-finished steel,China,Sea,66300.21399999999,86102386,0.688043012953171,0.24526290130914608,0.027647946630007313,0.04045819670122153
BR,Brazil,163614.35400000002,237727.72400000002,24601.794,118090892,127554700,33479435,425943.872,279125027,70,29,202401,202605,Semi-finished steel,Brazil,Sea,61915.519,38677774,-0.6026554505664403,-0.13440119382258142,0.025673998965186427,0.021422988184760086
PT,Portugal,246187.908,138089.679,39880.368,136655613,75985942,23314513,424157.95499999996,235956068,71,29,202401,202605,Other bars and rods,Portugal,Sea,84959.65299999999,45943445,-0.53059638791133,-0.4925388594608001,0.025566351844934138,0.018109748563988306
TW,Taiwan,111210.088,166566.821,107559.85399999999,115122050,130425855,73377921,385336.76300000004,318925826,156,29,202401,202605,Coated or plated flat products,Taiwan,Sea,58183.936,51807215,0.8486177009406856,0.4163649020701074,0.023226383344964026,0.024477719807664722
SE,Sweden,147023.00699999998,118724.579,59820.73300000001,214328096,195744025,89090457,325568.319,499162578,195,29,202401,202605,Other alloy flat products,Sweden,Sea,53180.458,88147288,0.12486306530116775,0.01069992079620192,0.019623807817344265,0.038310982450055917
FI,Finland,107311.12000000001,124049.70099999999,64776.534999999996,171132574,169262468,81007354,296137.356,421402396,110,29,202401,202605,Hot-rolled flat products,Finland,Roll-on/Roll-off,48136.253,73398259,0.34569126101277553,0.1036686033656466,0.017849840486722734,0.032342848821426504
JP,Japan,50628.577999999994,143365.34,73690.681,44098224,96658327,41954350,267684.59900000005,182710901,115,29,202401,202605,Cold-rolled flat products,Japan,Sea,38249.254,29032006,0.9265913264609029,0.4451068245163631,0.016134835055737918,0.014023154840034711
AT,Austria,72379.60800000001,129004.98199999999,37723.498,130159843,178468677,63678246,239108.08800000002,372306766,175,29,202401,202605,Other alloy flat products,Austria,Sea,71145.25,90925116,-0.46976786222551753,-0.2996627466496716,0.014412370284974321,0.028574734178616803
IT,Italy,106845.004,83455.513,38112.833,177785364,135663947,62528645,228413.35,375977956,255,29,202401,202605,Other alloy bars rods and sections,Italy,Roll-on/Roll-off,36079.285,58028493,0.05636331207783067,0.07755073012149394,0.0137677391248741,0.02885649988353874
EG,Egypt,59775.80500000001,107244.56200000002,54022.246999999996,32479323,50797550,25150298,221042.61399999997,108427171,32,29,202401,202605,Hot-rolled flat products,Egypt,Sea,50846.056000000004,25639200,0.06246681158515011,-0.019068535679740397,0.013323463996444353,0.00832184067550475
IE,Ireland,78126.97600000001,66291.259,28295.120000000003,38880553,31179942,12024166,172713.35499999998,82084661,122,29,202401,202605,Ferrous waste and scrap,Ireland,Roll-on/Roll-off,27294.245,12884967,0.03666981812466341,-0.0668066126983484,0.010410391577470273,0.006300039597499213
CZ,Czechia,64744.393000000004,58031.270000000004,24842.081,65231856,55790244,25576636,147617.744,146598736,126,29,202401,202605,Hot-rolled bars and rods,Poland,Sea,28788.814,26727962,-0.13709258741954428,-0.043075712244727074,0.008897739950814823,0.011251527757948996
DZ,Algeria,82345.80200000001,34463.966,4488.04,41477649,15541663,2097142,121297.808,59116454,6,17,202401,202604,Other bars and rods,Algeria,Sea,22482.88,10262014,-0.8003796666619223,-0.7956403099820367,0.007311291467696904,0.00453721799574394
LU,Luxembourg,63092.831,36198.917,13459.425000000001,51514808,29899974,10765994,112751.17300000001,92180776,32,29,202401,202605,Angles shapes and sections,Luxembourg,Sea,14387.723000000004,11835172,-0.0645201467945972,-0.09033903351805957,0.006796138386340152,0.007074921573084222
ID,Indonesia,58335.50100000001,39873.454,9474.001000000002,54758015,43000572,9053809,107682.956,106812396,51,29,202401,202605,Ferro-alloys,Indonesia,Sea,14656.293,19763338,-0.3535881822231582,-0.5418886728547576,0.006490648845189198,0.0081979058706689
ZA,South Africa,61387.473,37252.062000000005,4482.575,62666695,36385698,6458689,103122.11,105511082,53,29,202401,202605,Ferro-alloys,Netherlands,Sea,19427.653000000002,22222962,-0.7692683207796639,-0.7093686701169718,0.006215741367510133,0.008098029357457985
NO,Norway,23195.936999999998,29511.011000000002,14783.804999999998,26024934,32451721,15893717,67490.753,74370372,77,29,202401,202605,Ferro-alloys,Norway,Sea,14776.576,15314005,0.0004892202361358518,0.03785502224924179,0.004068041910183069,0.005707963982220098
PL,Poland,27030.972999999998,19943.907,7615.285,34647809,27206661,9723846,54590.16499999999,71578316,186,29,202401,202605,Angles shapes and sections,Poland,Roll-on/Roll-off,8408.523000000001,11420284,-0.09433737649287528,-0.1485460431631998,0.003290451939450267,0.0054936722601840494
UA,Ukraine,39423.008,12014.9,225.017,23636384,6528421,512951,51662.925,30677756,32,29,202401,202605,Semi-finished steel,Ukraine,Sea,3365.02,1656045,-0.9331305608881969,-0.6902553976492185,0.0031140109535101003,0.00235453341961684
DK,Denmark,16883.006,22172.265999999996,11537.317000000001,17962429,19927889,10154760,50592.589,48045078,111,29,202401,202605,Hot-rolled flat products,Denmark,Sea,10290.296,9484771,0.12118417196162293,0.07063839495966745,0.0030494958679252986,0.0036874842409952606
MY,Malaysia,4108.529000000001,11777.98,16372.247,6894411,11730470,10018449,32258.756,28643330,42,29,202401,202605,Other bars and rods,Malaysia,Sea,6466.454,4530355,1.5318740379193914,1.2114048457571205,0.001944414094451866,0.002198390186495832
MX,Mexico,22868.94,7141.88,24.273000000000003,8727522,3889556,174161,30035.093,12791239,32,29,202401,202605,Ferrous waste and scrap,Norway,Sea,7060.684,3444196,-0.9965622310812946,-0.9494334817182297,0.0018103815955386679,0.0009817341171827003
US,United States,9146.632,10650.484999999999,3426.136,72914698,77428809,30354070,23223.253,180697577,256,29,202401,202605,Ferrous waste and scrap,United States,Sea,3689.7400000000002,34817049,-0.07144243225809956,-0.1281837240140599,0.0013997942280297969,0.013868631196176385
SK,Slovakia,11162.005000000001,8727.898,1768.374,11898088,9689776,2170449,21658.277000000002,23758313,55,29,202401,202605,Wire,Slovakia,Roll-on/Roll-off,4887.92,5479556,-0.6382154372411988,-0.6039005715061585,0.0013054644469347385,0.0018234626402340909
YY,Confidential / unknown,20788.297000000002,0.0,0.0,25580254,0,0,20788.297000000002,25580254,2,8,202401,202408,Ferro-alloys,Confidential / unknown,Sea,0.0,0,,,0.0012530259284161932,0.001963297541231091
AE,United Arab Emirates,6447.339999999998,11745.385999999997,1854.419,7674898,10217893,1977501,20047.145,19870292,45,29,202401,202605,Angles shapes and sections,United Arab Emirates,Sea,960.566,1331922,0.9305482392672654,0.48469730209426676,0.0012083525877910558,0.0015250550454715508
KZ,Kazakhstan,4645.048,13476.001,473.308,7820763,15822676,823290,18594.357,24466729,8,29,202401,202605,Ferro-alloys,Kazakhstan,Sea,5986.6810000000005,7350189,-0.9209398329391528,-0.8879906353428463,0.0011207849995229114,0.001877833929548449
GB,United Kingdom,9186.595000000001,4513.308000000001,2166.4970000000003,13366507,10480210,3989753,15866.400000000001,27836470,203,29,202401,202605,Ferrous waste and scrap,Ireland,Roll-on/Roll-off,1945.4180000000001,3727161,0.11364087306686797,0.07045362408546343,0.0009563559049893644,0.002136463269971949
TH,Thailand,1188.4830000000002,2854.366,11242.162,4148920,9863266,7247634,15285.010999999999,21259820,38,29,202401,202605,Angles shapes and sections,Thailand,Sea,677.8089999999999,1852967,15.586032348345926,2.9113670130121045,0.0009213123662379233,0.0016317020281743713
CA,Canada,6777.418999999999,2994.531,4776.673,8423715,6579673,5142129,14548.623000000001,20145517,61,29,202401,202605,Pig iron,Canada,Sea,1275.6669999999997,2590009,2.7444513340864045,0.9853710933050812,0.0008769261783085061,0.0015461787045949248
GR,Greece,4840.321,5175.152000000001,3904.944,4229793,4397150,4288187,13920.417000000001,12915130,25,29,202401,202605,Coated flat products under 600mm,Greece,Sea,2440.371,2069386,0.6001435847254372,1.0722025760297982,0.0008390607193732877,0.0009912428146209924
GE,Georgia,5149.262,5917.388000000001,2209.78,4230106,4698238,1761779,13276.429999999998,10690123,4,20,202402,202605,Ferro-alloys,Georgia,Sea,1731.528,1370475,0.27620229069353786,0.2855243619912804,0.000800244052064611,0.0008204723925477024
ZW,Zimbabwe,1390.01,5340.367,104.0,1409851,4811159,90204,6834.377,6311214,3,15,202401,202605,Ferro-alloys,South Africa,Sea,204.34699999999998,148233,-0.49106177237737764,-0.39147153467851287,0.00041194579746341305,0.00048438889341690034
SI,Slovenia,3112.496,2075.3959999999997,1572.0569999999998,9432838,6810859,4856806,6759.9490000000005,21100503,72,29,202401,202605,Stainless steel flat products,Slovenia,Roll-on/Roll-off,827.1040000000002,2668631,0.9006763357449601,0.8199616207710995,0.0004074596092104667,0.001619474367167709
RO,Romania,3001.76,2288.877,748.5740000000002,7992039,6337035,1949593,6039.210999999999,16278667,62,29,202401,202605,Other alloy flat products,Romania,Roll-on/Roll-off,982.8799999999999,2470472,-0.23838718867003064,-0.21084189579966905,0.00036401673355813057,0.001249395994880258
CH,Switzerland,2217.125,3016.696,735.864,8454174,8906251,3177346,5969.685,20537771,98,29,202401,202605,Other alloy flat products under 600mm,Switzerland,Roll-on/Roll-off,1029.445,3417868,-0.28518376406704576,-0.07037193946635739,0.000359826016026095,0.001576284399156756
MA,Morocco,4839.418,552.58,472.64500000000004,3940475,502992,384268,5864.643000000001,4827735,6,12,202404,202605,Coated or plated flat products,Morocco,Sea,0.0,0,,,0.0003534945522427609,0.0003705311235461259
CO,Colombia,1942.4340000000002,2480.51,0.0,8073139,6592201,0,4422.944,14665340,1,8,202403,202512,Ferro-alloys,Netherlands,Sea,0.0,0,,,0.00026659535949158467,0.001125572324782935
IS,Iceland,990.5830000000001,2203.7,833.406,562327,1410067,829214,4027.689,2801608,7,29,202401,202605,Ferro-alloys,Iceland,Sea,1023.5350000000001,641731,-0.1857572041991726,0.2921520076168987,0.00024277114900738084,0.0002150248429078677
MK,North Macedonia,354.91700000000003,103.89999999999999,3157.917,394026,135765,2732465,3616.7340000000004,3262256,8,17,202401,202605,Hot-rolled flat products,Greece,Sea,54.654,73998,56.78016247667142,35.92620070812725,0.00021800061246885264,0.000250379811852782
TN,Tunisia,3457.7839999999997,14.74,22.75,2592769,6200,42474,3495.274,2641443,7,7,202401,202601,Coated or plated flat products,Tunisia,Sea,0.0,0,,,0.00021067954478998355,0.00020273209746869897
HK,Hong Kong,645.563,1122.442,719.8910000000001,862430,1139155,923909,2487.896,2925494,42,25,202401,202605,Alloy steel wire,Hong Kong,Sea,80.91499999999999,161140,7.896879441389114,4.733579496090356,0.00014995928695856777,0.00022453315659360965
AU,Australia,957.0070000000001,807.51,226.64399999999998,1403112,1316435,336984,1991.161,3056531,31,25,202401,202605,Coated flat products under 600mm,Australia,Sea,295.706,435440,-0.23354953906921075,-0.226106926327393,0.00012001831418182623,0.00023459031317658565
NC,New Caledonia,1885.765,0.0,0.0,11418341,0,0,1885.765,11418341,2,12,202401,202412,Ferro-alloys,Netherlands,Sea,0.0,0,,,0.00011366551285561115,0.000876363495461701
AL,Albania,781.7919999999999,661.683,189.73999999999998,1430735,877370,317208,1633.215,2625313,5,22,202401,202605,Ferro-alloys,Albania,Sea,360.57199999999995,524454,-0.473780548683758,-0.3951652575821712,9.844292400085744e-05,0.00020149411174189355
EE,Estonia,930.8309999999999,258.341,129.344,2639140,963756,428803,1318.516,4031699,25,27,202401,202605,Ferrous waste and scrap,Estonia,Sea,109.703,412292,0.17903794791391292,0.04004685999243255,7.947427030851086e-05,0.0003094349545428223
IL,Israel,644.265,574.914,48.729,1338321,1105944,95050,1267.908,2539315,15,21,202401,202601,Ferrous waste and scrap,Israel,Sea,227.096,462331,-0.7854255469052737,-0.7944113632873417,7.642384553416369e-05,0.00019489372138021882
HR,Croatia,378.31200000000007,523.842,295.818,748926,865867,418241,1197.972,2033034,19,29,202401,202605,Wire,Croatia,Roll-on/Roll-off,255.30899999999997,437669,0.15866655699564064,-0.04438971003201049,7.220841502873485e-05,0.00015603639641104464
HU,Hungary,378.92500000000007,390.93500000000006,399.09999999999997,917158,1127910,700558,1168.96,2745626,34,29,202401,202605,Angles shapes and sections,Hungary,Roll-on/Roll-off,101.181,533490,2.944416441822081,0.31316050910045173,7.04597009212151e-05,0.00021072819585529352
XS,Serbia and Montenegro aggregate,2.19,997.9959999999999,168.22000000000003,18350,1207399,180254,1168.406,1406003,7,18,202401,202604,Coated or plated flat products,France,Roll-on/Roll-off,369.677,463772,-0.5449541085866851,-0.6113305676064963,7.042630826936187e-05,0.00010791144735558676
OM,Oman,382.86099999999993,419.015,200.224,315284,401262,188567,1002.0999999999999,905113,4,12,202402,202605,Ferro-alloys,Oman,Sea,49.796,52437,3.0208852116635874,2.5960676621469574,6.0402123505637184e-05,6.94678843859915e-05
CL,Chile,518.311,387.363,3.965,960563,453974,113268,909.639,1527805,8,18,202401,202602,Ferrous waste and scrap,Chile,Sea,172.097,214873,-0.9769606675305206,-0.472860713072373,5.4828986352204676e-05,0.0001172598129784234
PK,Pakistan,271.32099999999997,453.91,28.523,632163,775888,52615,753.7539999999999,1460666,13,21,202401,202603,Ferrous waste and scrap,Pakistan,Sea,316.809,577458,-0.9099678355097235,-0.90888514835711,4.543293304148094e-05,0.00011210686048542961
BG,Bulgaria,388.006,303.921,39.281,477475,415749,66348,731.208,959572,25,28,202401,202605,Other alloy bars rods and sections,Bulgaria,Roll-on/Roll-off,85.172,101813,-0.5388038322453388,-0.34833469203343387,4.407396060703518e-05,7.364764041178795e-05
SG,Singapore,158.281,411.284,146.817,288286,732388,232296,716.382,1252970,16,18,202401,202604,Stainless steel flat products,China,Sea,408.789,724918,-0.6408489465225335,-0.6795554807578237,4.3180315378919645e-05,9.616608655396151e-05
LT,Lithuania,246.60800000000003,91.36,77.632,507294,191673,357464,415.6000000000001,1056431,30,29,202401,202605,Wire,Lithuania,Sea,25.293,107721,2.069307713596648,2.3184244483434058,2.505051644440956e-05,8.1081618062913e-05
SM,San Marino,395.342,0.0,0.0,916716,0,0,395.342,916716,1,6,202401,202409,Coated or plated flat products,San Marino,Roll-on/Roll-off,0.0,0,,,2.3829454456606744e-05,7.035842055388507e-05
AZ,Azerbaijan,0.0,104.42,259.7,0,52809,136691,364.12,189500,3,4,202509,202605,Other bars and rods,Turkey,Sea,0.0,0,,,2.1947531394943234e-05,1.4544221650937937e-05
LV,Latvia,225.488,66.407,20.933000000000003,650528,318541,203324,312.82800000000003,1172393,9,18,202404,202605,Ferro-alloys,Latvia,Sea,40.25,127265,-0.47992546583850926,0.5976427140219227,1.8855878147910862e-05,8.998176070716666e-05
BO,BO,0.0,236.85,0.0,0,51064,0,236.85,51064,1,1,202507,202507,Ferrous waste and scrap,BO,Sea,0.0,0,,,1.4276262800429268e-05,3.919188044240078e-06
ZM,ZM,75.0,149.06,0.0,98403,122327,0,224.06,220730,1,3,202407,202505,Ferro-alloys,Netherlands,Roll-on/Roll-off,149.06,122327,-1.0,-1.0,1.35053385816516e-05,1.6941140079216522e-05
SL,Sierra Leone,209.168,5.2490000000000006,2.189,330334,28598,14871,216.60600000000002,373803,11,14,202401,202604,Semi-finished steel,United States,Roll-on/Roll-off,3.964,24176,-0.4477800201816347,-0.38488583719391134,1.3056044670254517e-05,2.8689570901243027e-05
PA,PA,140.0,44.059,0.0,29675,50223,0,184.059,79898,3,4,202402,202511,Ferrous waste and scrap,PA,Sea,0.0,0,,,1.1094256511649611e-05,6.132212250483584e-06
AM,Armenia,33.721000000000004,88.44600000000001,29.486,914617,2347830,867068,151.653,4129515,1,20,202401,202605,Ferro-alloys,Netherlands,Roll-on/Roll-off,52.217,1336032,-0.43531799988509484,-0.35101255059759046,9.140967204870169e-06,0.00031694238243204736
PH,Philippines,17.793000000000003,113.657,16.201,38102,188562,42575,147.65099999999998,269239,5,17,202402,202605,Coated flat products under 600mm,Netherlands,Roll-on/Roll-off,13.101,18781,0.23662315853751617,1.2669186944252169,8.899744474334733e-06,2.0664230570326538e-05
MT,Malta,116.689,0.0,0.0,104242,0,0,116.689,104242,3,6,202401,202409,Ferrous waste and scrap,Malta,Sea,0.0,0,,,7.033493054335194e-06,8.000626666686397e-06
PE,PE,0.0,48.959999999999994,49.748,0,41725,43728,98.708,85453,2,3,202509,202604,Wire,PE,Sea,0.0,0,,,5.949678482181854e-06,6.558561333707649e-06
AR,AR,51.992000000000004,2.822,0.0,91410,6969,0,54.81400000000001,98379,3,3,202404,202506,Ferro-alloys,AR,Sea,0.0,0,,,3.303943716034325e-06,7.550638426372682e-06
GA,GA,54.0,0.0,0.0,73365,0,0,54.0,73365,2,2,202403,202408,Ferro-alloys,Norway,Sea,0.0,0,,,3.254879422517122e-06,5.6308011684488745e-06
CR,CR,0.05500000000000001,25.0,0.0,3606,4177,0,25.055,7783,3,3,202403,202510,Ferrous waste and scrap,CR,Sea,0.0,0,,,1.5102037765030833e-06,5.973492195738784e-07
QA,QA,25.0,0.0,0.0,21981,0,0,25.0,21981,1,1,202404,202404,Wire,QA,Sea,0.0,0,,,1.5068886215357048e-06,1.6870529609987693e-06
KE,Kenya,23.779999999999998,0.34600000000000003,0.276,27140,10956,1050,24.401999999999997,39146,4,7,202402,202603,Ferrous waste and scrap,Kenya,Sea,0.075,2500,2.68,-0.58,1.4708438457085707e-06,3.0044754656866304e-06
BA,Bosnia and Herzegovina,14.69,8.116999999999999,0.0,153080,104729,0,22.807000000000002,257809,7,8,202401,202510,Semi-finished steel,Bosnia and Herzegovina,Road,8.01,101558,-1.0,-1.0,1.374704351654593e-06,1.978697224066838e-05
KG,Kyrgyzstan,0.0,7.204,15.144000000000002,0,10076,18567,22.348000000000003,28643,2,5,202510,202603,Hot-rolled bars and rods,Germany,Roll-on/Roll-off,0.0,0,,,1.3470378765631974e-06,2.1983648588275213e-06
WF,WF,0.0,0.0,21.0,0,0,50954,21.0,50954,1,1,202601,202601,Stainless steel flat products,Taiwan,Sea,0.0,0,,,1.265786442089992e-06,3.910745488136631e-06
NG,NG,21.0,0.0,0.0,10958,0,0,21.0,10958,1,1,202406,202406,Other bars and rods,NG,Sea,0.0,0,,,1.265786442089992e-06,8.410320889233663e-07
LA,LA,0.0,0.0,20.94,0,0,22860,20.94,22860,1,1,202605,202605,Ferro-alloys,Belgium,Roll-on/Roll-off,0.0,0,,,1.2621699093983064e-06,1.7545166593163125e-06
BT,BT,20.0,0.0,0.0,16707,0,0,20.0,16707,1,1,202411,202411,Ferro-alloys,Netherlands,Roll-on/Roll-off,0.0,0,,,1.2055108972285638e-06,1.2822707710935098e-06
SN,SN,0.0,14.533,0.0,0,23432,0,14.533,23432,1,1,202503,202503,Angles shapes and sections,SN,Sea,14.533,23432,-1.0,-1.0,8.759844934711359e-07,1.798417951054236e-06
BB,BB,11.732,0.0,0.0,27420,0,0,11.732,27420,1,1,202403,202403,Wire,Belgium,Sea,0.0,0,,,7.071526923142755e-07,2.104498985059199e-06
FK,Falkland Islands,5.17,3.33,2.2,13350,11000,5200,10.7,29550,1,9,202401,202605,Ferrous waste and scrap,Falkland Islands,Sea,2.7,8000,-0.18518518518518517,-0.35,6.449483300172816e-07,2.267977571425942e-06
BZ,BZ,0.0,0.0,10.233,0,0,95612,10.233,95612,2,2,202601,202603,Other alloy bars rods and sections,France,Roll-on/Roll-off,0.0,0,,,6.167996505669947e-07,7.338269765115979e-06
KW,KW,0.014,8.251999999999999,0.0,39063,1036,0,8.266,40099,3,3,202405,202510,Stainless steel flat products,KW,Sea,0.782,988,-1.0,-1.0,4.982376538245655e-07,3.077618701746492e-06
IQ,IQ,4.154,0.82,1.331,7520,1495,259,6.305,9274,2,3,202408,202605,Stainless steel bars sections and wire,IQ,Roll-on/Roll-off,0.82,1495,0.6231707317073171,-0.8267558528428094,3.8003731035130473e-07,7.117842300305985e-07
NZ,NZ,5.0249999999999995,0.603,0.0,12630,4386,0,5.628,17016,5,3,202402,202508,Cold-rolled flat products,Netherlands,Roll-on/Roll-off,0.597,1874,-1.0,-1.0,3.392307664801179e-07,1.3059866786931923e-06
LB,LB,0.0,5.32,0.0,0,9228,0,5.32,9228,3,2,202503,202507,Pig iron,LB,Sea,3.1,5894,-1.0,-1.0,3.20665898662798e-07,7.082537065691572e-07
SA,Saudi Arabia,5.078,0.232,0.0,24546,3028,0,5.31,27574,5,7,202402,202508,Stainless steel flat products under 600mm,Germany,Roll-on/Roll-off,0.0,0,,,3.2006314321418365e-07,2.1163185636040248e-06
BD,BD,0.001,5.162,0.0,3690,5110,0,5.163,8800,2,2,202402,202503,Hot-rolled flat products,Germany,Sea,5.162,5110,-1.0,-1.0,3.1120263811955375e-07,6.754044882757459e-07
IR,IR,0.0,5.0,0.0,0,113924,0,5.0,113924,1,1,202504,202504,Ferro-alloys,Netherlands,Roll-on/Roll-off,5.0,113924,-1.0,-1.0,3.0137772430714094e-07,8.74372510480978e-06
UY,UY,0.0,4.922,0.0,0,19096,0,4.922,19096,1,1,202507,202507,Stainless steel bars sections and wire,United States,Sea,0.0,0,,,2.9667623180794954e-07,1.4656277395583685e-06
LK,Sri Lanka,0.091,4.034,0.016,5587,7499,2193,4.141,15279,3,8,202402,202603,Ferrous waste and scrap,Sri Lanka,Sea,0.017,2200,-0.058823529411764754,-0.003181818181818182,2.4960103127117415e-07,1.1726710427687637e-06
EC,EC,0.0,0.0,3.28,0,0,19407,3.28,19407,1,1,202603,202603,Stainless steel bars sections and wire,Germany,Roll-on/Roll-off,0.0,0,,,1.9770378714548445e-07,1.4894971481781136e-06
MD,MD,0.0,1.851,0.0,0,1563,0,1.851,1563,1,1,202505,202505,Angles shapes and sections,MD,Roll-on/Roll-off,1.851,1563,-1.0,-1.0,1.1157003353850358e-07,1.1996104717897622e-07
AO,AO,1.8,0.0,0.0,23570,0,0,1.8,23570,1,1,202409,202409,Coated flat products under 600mm,AO,Air,0.0,0,,,1.0849598075057075e-07,1.8090095214385603e-06
BW,BW,0.0,1.734,0.0,0,5838,0,1.734,5838,1,1,202502,202502,Stainless steel flat products,Belgium,Roll-on/Roll-off,1.734,5838,-1.0,-1.0,1.0451779478971648e-07,4.480694775629323e-07
AD,AD,0.982,0.0,0.0,6208,0,0,0.982,6208,1,1,202404,202404,Other bars and rods,Czechia,Roll-on/Roll-off,0.0,0,,,5.919058505392248e-08,4.7646716627452615e-07
TC,TC,0.75,0.0,0.0,1590,0,0,0.75,1590,1,1,202409,202409,Stainless steel flat products under 600mm,China,Sea,0.0,0,,,4.5206658646071144e-08,1.2203331094982225e-07
JM,JM,0.0,0.637,0.0,0,2524,0,0.637,2524,1,1,202509,202509,Ferrous waste and scrap,JM,Air,0.0,0,,,3.839552207672976e-08,1.9371828731908893e-07
LI,LI,0.08,0.082,0.4,1564,2148,5960,0.562,9672,1,3,202402,202603,Stainless steel flat products,Switzerland,Air,0.0,0,,,3.3874856212122644e-08,7.423309330230697e-07
JO,JO,0.0,0.0,0.5,0,0,1840,0.5,1840,1,1,202602,202602,Ferrous waste and scrap,JO,Sea,0.0,0,,,3.01377724307141e-08,1.4122093845765596e-07
SB,SB,0.476,0.0,0.0,8145,0,0,0.476,8145,2,2,202404,202409,Other bars and rods,Ireland,Roll-on/Roll-off,0.0,0,,,2.8691159354039817e-08,6.251329042052216e-07
NU,NU,0.15,0.243,0.0,1081,1107,0,0.393,2188,1,2,202401,202510,Stainless steel flat products under 600mm,France,Sea,0.0,0,,,2.368828913054128e-08,1.6793011594856045e-07
KH,KH,0.0,0.329,0.0,0,2279,0,0.329,2279,1,1,202503,202503,Hot-rolled bars and rods,Sweden,Roll-on/Roll-off,0.329,2279,-1.0,-1.0,1.9830654259409875e-08,1.749144123614119e-07
PY,PY,0.0,0.217,0.0,0,6127,0,0.217,6127,1,1,202503,202503,Ingots and primary forms,PY,Roll-on/Roll-off,0.217,6127,-1.0,-1.0,1.3079793234929917e-08,4.702503749619881e-07
KM,KM,0.0,0.18,0.0,0,1484,0,0.18,1484,1,1,202506,202506,Ferrous waste and scrap,KM,Air,0.0,0,,,1.0849598075057074e-08,1.1389775688650079e-07
FO,FO,0.105,0.0,0.0,2286,0,0,0.105,2286,1,1,202409,202409,Semi-finished steel,FO,Sea,0.0,0,,,6.32893221044996e-09,1.7545166593163124e-07
AF,AF,0.103,0.0,0.0,1060,0,0,0.103,1060,1,1,202410,202410,Stainless steel wire,Netherlands,Air,0.0,0,,,6.208381120727104e-09,8.135554063321485e-08
SV,SV,0.036,0.0,0.059,3004,0,3558,0.095,6562,2,2,202410,202605,Stainless steel flat products under 600mm,Spain,Air,0.0,0,,,5.726176761835679e-09,5.036368468256187e-07
KN,KN,0.0,0.038,0.0,0,1820,0,0.038,1820,1,2,202504,202511,Other alloy bars rods and sections,Germany,Sea,0.019,922,-1.0,-1.0,2.290470704734271e-09,1.3968592825702926e-07
SO,SO,0.0,0.015,0.0,0,2684,0,0.015,2684,1,1,202506,202506,Ferrous waste and scrap,SO,Air,0.0,0,,,9.041331729214229e-10,2.059983689241025e-07
QV,Unknown partner area,0.0,0.0,0.0,406644,1537597,2451733,0.0,4395974,1,29,202401,202605,Other,Unknown partner area,Unknown,0.0,620018,,2.9542932624536706,0.0,0.0003373932465844868
